ID,Address,Postcode,ModifiedDate,CreatedDate
hBmTe,89 Warren St,CM1 2HN,14/05/2016,16/12/2015
6tGPe,35 Guildford Rd,GL11 5AX,09/02/2016,17/12/2015
UW1sE,95 Temple Way,GL50 2SU,06/01/2016,08/12/2015
iN53V,44 Monks Way,NE20 9RH,05/05/2016,02/12/2015
i52Cj,76 Layburn Court,B24 9RD,31/01/2016,24/12/2015
DlVqh,90 Annfield Rd,UB6 8TF,25/05/2016,21/12/2015
mn4Uk,22 Uxbridge Road,BN2 1DB,11/01/2016,27/11/2015
OIWb4,82 Circle Way,WD3 7EE,05/02/2016,21/11/2015
qSTt0,59 City Walls Rd,DE55 3ND,17/01/2016,22/11/2015
FAIJK,86 Witney Way,DY4 9RZ,29/01/2016,04/12/2015
MknWJ,30 Scotsburn Rd,DN36 4PD,20/04/2016,26/12/2015
R7eCE,37 Southlands Road,NW4 4TY,22/05/2016,22/12/2015
A4zA2,77 Tonbridge Rd,LL17 0NS,05/03/2016,24/11/2015
cGNDP,17 Pendwyallt Road,B28 8LD,04/02/2016,16/11/2015
d87V6,64 Layburn Court,IP19 9AQ,01/02/2016,07/12/2015
3CRNE,62 Fox Lane,GL20 8NJ,05/05/2016,20/12/2015
KMZWu,3 Guild Street,PE16 6RX,14/03/2016,20/12/2015
DiAyq,23 Friar Street,EX31 4DG,28/04/2016,24/11/2015
plI5e,31 Eastbourne Rd,SE5 8AD,30/03/2016,14/11/2015
Hb6Jf,6 St Andrews Lane,SO30 2HE,04/07/2016,06/12/2015
Iej35,75 Monks Way,NE28 7BE,22/01/2016,09/12/2015
z7IF4,44 Front Street,ME6 5QY,29/03/2016,10/11/2015
SH870,80 Asfordby Rd,BT92 8FF,18/01/2016,07/12/2015
Nek2k,56 Asfordby Rd,SW1V 4DP,11/04/2016,11/11/2015
jPkax,92 Wood Lane,RH12 3DB,13/07/2016,09/12/2015
3QvdN,62 Broad Street,M6 6AB,25/05/2016,02/12/2015
W4NFL,24 Roker Terrace,CO12 5HQ,25/04/2016,26/11/2015
uitKi,41 Ivy Lane,FY7 8HF,15/03/2016,24/12/2015
sdYQM,56 Newmarket Road,OX15 4FF,15/06/2016,03/12/2015
NS3RE,8 Boroughbridge Road,CO12 5DG,01/02/2016,30/12/2015
zLGbY,80 Mounthoolie Lane,DH6 1HX,30/01/2016,17/12/2015
OLhdZ,18 Terrick Rd,DD4 8AJ,11/06/2016,01/12/2015
p1tBg,7 Coast Rd,RH10 3LF,30/04/2016,25/11/2015
7vaid,7 Golf Road,TR27 6LZ,30/06/2016,03/11/2015
qteGE,33 Bridge Street,CB2 3WD,04/05/2016,20/12/2015
psPb4,18 Constitution St,CF47 9BZ,09/05/2016,14/12/2015
mhLgq,58 Haslemere Road,WS5 3ND,05/04/2016,06/11/2015
vOykB,80 Main Rd,NE21 5GE,26/06/2016,04/12/2015
qwtRC,99 Golf Road,OX39 4BQ,20/05/2016,24/11/2015
2Eone,47 Ploughley Rd,SE24 0EZ,26/05/2016,10/12/2015
z4wYa,46 Hexham Road,LL57 4AY,08/01/2016,27/11/2015
liq4m,50 Seaford Road,LE19 2DT,07/02/2016,07/12/2015
3WwcU,18 Crescent Avenue,M30 9QF,26/06/2016,04/12/2015
Tx5SS,55 Bury Rd,LS10 1AU,11/04/2016,13/12/2015
WFrit,60 Consett Rd,GU32 3EL,19/01/2016,10/12/2015
bn4PJ,8 Caradon Hill,N15 3JX,20/05/2016,15/11/2015
ZDv8o,67 Nottingham Rd,NE66 2DR,30/03/2016,01/12/2015
wex8I,10 Newgate Street,LE7 9FB,30/05/2016,03/11/2015
JDlO0,58 Main Rd,DY8 1HZ,01/07/2016,10/12/2015
xkYfQ,99 Worthy Lane,KT22 0DT,20/01/2016,02/12/2015
t7Vq4,35 Nith Street,WF13 9BW,06/04/2016,15/12/2015
WUDIY,3 Caxton Place,LL13 9HL,21/02/2016,28/12/2015
Cao1C,36 Ballifeary Road,DN40 1LQ,14/06/2016,09/11/2015
pF6NK,25 Boroughbridge Road,B70 9QL,13/04/2016,02/12/2015
38gKp,77 Fore St,B2 2UX,16/04/2016,15/11/2015
PU6tz,39 Huntly Street,GU27 2PU,08/02/2016,04/12/2015
eL6rH,21 Folkestone Road,DL8 5EZ,18/05/2016,23/11/2015
8HPI3,43 Fulford Road,CT5 2RH,05/02/2016,05/12/2015
g47tM,27 Maidstone Road,SO19 7AJ,05/07/2016,11/12/2015
beFz3,34 Newgate Street,BS16 1JD,27/02/2016,02/11/2015
hSYek,52 Fraserburgh Rd,FY7 7LD,10/03/2016,30/12/2015
lZtDt,64 South Street,HR2 6LR,22/02/2016,18/12/2015
5wVom,93 Preston Rd,B66 2JL,08/04/2016,01/11/2015
4eaL3,71 Cunnery Rd,TS5 7NX,17/06/2016,25/11/2015
S3yl5,61 Broad Street,CF41 7AG,14/05/2016,27/12/2015
jf2a6,19 Great North Road,WA10 6HJ,06/07/2016,10/11/2015
VrGaF,88 Horsefair Green,BT24 7BD,16/05/2016,12/11/2015
hqjBe,26 Bishopthorpe Road,E3 4AX,22/01/2016,01/12/2015
yoveh,87 Caerfai Bay Road,DG2 0AB,06/03/2016,08/12/2015
BwhKz,20 Jesmond Rd,DL15 9SX,06/01/2016,22/12/2015
iBuoI,55 Petworth Rd,RG14 6TG,22/06/2016,13/11/2015
BhppK,85 Trehafod Road,AB55 4BX,25/03/2016,04/12/2015
wthRN,17 Bishopthorpe Road,TQ2 5SH,28/04/2016,06/12/2015
1MiOh,64 Essex Rd,CA20 1NL,26/01/2016,02/12/2015
lW3Ne,4 Castledore Road,NE8 2HH,24/02/2016,25/11/2015
0i7w2,48 Fox Lane,WF9 4LX,19/04/2016,08/12/2015
WEtMn,59 Dunmow Road,CO3 9FN,20/03/2016,19/12/2015
ygeVH,24 Dover Road,BT49 0BT,23/03/2016,24/12/2015
xvrfj,38 Hart Road,CH64 1RJ,13/06/2016,16/11/2015
bd05P,36 Berkeley Rd,PO20 0BH,28/02/2016,30/11/2015
Ezxvy,13 Walwyn Rd,RG10 9DR,08/02/2016,14/11/2015
qWylX,34 Haslemere Road,GL51 9DT,08/05/2016,23/12/2015
Mhkw6,52 Huntly Street,NW10 5AA,23/03/2016,15/12/2015
ZDw4w,1 Freezeland Lane,LS25 5DU,15/03/2016,15/12/2015
XcbRE,91 Neville Street,DN19 7EE,14/03/2016,24/11/2015
MMpe2,51 Broomfield Place,TW19 7HH,28/04/2016,14/11/2015
dyXfB,73 Park End St,OX27 7SN,03/05/2016,01/11/2015
2HSfz,42 Russell Rd,ST5 3DJ,06/06/2016,13/11/2015
fJdFF,46 Davids Lane,BT30 8AB,30/04/2016,25/12/2015
64hrN,26 Cefn Road,NE31 1LX,25/05/2016,23/12/2015
YlkVi,44 Mounthoolie Lane,SA18 1JE,05/03/2016,17/11/2015
JKQqE,10 Southend Avenue,WC2B 4BB,09/04/2016,14/12/2015
7j0qT,59 Seafield Place,PE28 9JA,16/01/2016,25/12/2015
ITAnP,57 Ockham Road,NR12 8LF,02/05/2016,24/12/2015
EzIUt,73 Whitchurch Road,LU3 4ES,02/02/2016,25/12/2015
bSw5s,23 South Street,LS28 6ND,17/03/2016,21/11/2015
RJ4Ur,19 Shore Street,CV35 8LZ,25/01/2016,02/11/2015
Qb0Dx,32 Pier Road,NN13 6DR,13/02/2016,02/12/2015
RtLd5,81 Wrexham Rd,GU29 0HX,02/06/2016,06/12/2015
YPMRU,37 Bouverie Road,D12 0AB,23/02/2016,08/11/2015