ID,BillingAddress,BillingCity,FirstName,Lastname,PersonEmail,CreatedDate
hBmTe,89 Warren St,BROOKLYN,Adam ,Wallace,Adam.S.Wallace@pookmail.com,16/12/2015
6tGPe,35 Guildford Rd,COLUMBIA CITY,Alice ,Palmer,Alice.H.Palmer@pookmail.com,17/12/2015
UW1sE,95 Temple Way,HOT SPRINGS,Amy ,Jordan,Amy.T.Jordan@dodgeit.com,08/12/2015
iN53V,44 Monks Way,OLANTA,Ava ,Gallagher,Ava.N.Gallagher@mailinator.com,02/12/2015
i52Cj,76 Layburn Court,QUEEN CREEK,Alfie ,Tomlinson,Alfie.R.Tomlinson@mailinator.com,24/12/2015
DlVqh,90 Annfield Rd,DALTON,Charlie ,Bradshaw,Charlie.E.Bradshaw@mailinator.com,21/12/2015
mn4Uk,22 Uxbridge Road,WALNUT SHADE,Brandon ,Lynch,Brandon.M.Lynch@pookmail.com,27/11/2015
dv3yy,82 Circle Way,HUNTSVILLE,Connor ,Smith,Connor.K.Smith@dodgeit.com,21/11/2015
qSTt0,59 City Walls Rd,SEATTLE,David ,Savage,David.C.Savage@spambob.com,22/11/2015
FAIJK,86 Witney Way,NEW DOUGLAS,Edward ,Little,Edward.L.Little@dodgeit.com,04/12/2015
MknWJ,30 Scotsburn Rd,JAMAICA,Ella ,Baker,Ella.L.Baker@spambob.com,26/12/2015
R7eCE,37 Southlands Road,JAMAICA,Eve ,Richardson,Eve.J.Richardson@mailinator.com,22/12/2015
A4zA2,77 Tonbridge Rd,DRAPER,Eloise ,Cooper,Eloise.K.Cooper@trashymail.com,24/11/2015
cGNDP,17 Pendwyallt Road,HARRISBURG,Francesca ,Harvey,Francesca.J.Harvey@mailinator.com,16/11/2015
d87V6,64 Layburn Court,SAINT LOUIS,Georgia ,Thorpe,Georgia.L.Thorpe@trashymail.com,07/12/2015
3CRNE,62 Fox Lane,SAINT LOUIS,Harley ,Summers,Harley.J.Summers@trashymail.com,20/12/2015
KMZWu,3 Guild Street,HOUSTON,Harvey ,Hewitt,Harvey.K.Hewitt@dodgeit.com,20/12/2015
DiAyq,23 Friar Street,HOUSTON,Jack ,Hardy,Jack.H.Hardy@trashymail.com,24/11/2015
plI5e,31 Eastbourne Rd,HOUSTON,Holly ,Saunders,Holly.F.Saunders@spambob.com,14/11/2015
Hb6Jf,6 St Andrews Lane,AUSTIN,Jasmine ,Perkins,Jasmine.J.Perkins@spambob.com,06/12/2015
Iej35,75 Monks Way,LANETT,Joe ,Dale,Joe.E.Dale@pookmail.com,09/12/2015
z7IF4,44 Front Street,TEMPLE,James ,Thomas,James.N.Thomas@spambob.com,10/11/2015
qon8d,80 Asfordby Rd,FENTON,Lara ,Rogers,Lara.J.Rogers@mailinator.com,07/12/2015
Nek2k,56 Asfordby Rd,GRAND RAPIDS,Katie ,Fisher,Katie.A.Fisher@pookmail.com,11/11/2015
jPkax,92 Wood Lane,MOORESTOWN,Lewis ,Owen,Lewis.R.Owen@trashymail.com,09/12/2015
efff3,62 Broad Street,MOORESTOWN,Lola ,Browne,Lola.S.Browne@pookmail.com,02/12/2015
W4NFL,24 Roker Terrace,GRAFTON,Lucas ,Akhtar,Lucas.L.Akhtar@pookmail.com,26/11/2015
uitKi,41 Ivy Lane,BERRYVILLE,Leon ,Pickering,Leon.M.Pickering@dodgeit.com,24/12/2015
sdYQM,56 Newmarket Road,ROSENBERG,Melissa ,Cartwright,Melissa.A.Cartwright@trashymail.com,03/12/2015
NS3RE,8 Boroughbridge Road,BRIDGEPORT,Maisie ,Nicholls,Maisie.J.Nicholls@mailinator.com,30/12/2015
zLGbY,80 Mounthoolie Lane,PASADENA,Mollie ,Cross,Mollie.L.Cross@spambob.com,17/12/2015
OLhdZ,18 Terrick Rd,DORADO,Naomi ,Peacock,Naomi.R.Peacock@dodgeit.com,01/12/2015
p1tBg,7 Coast Rd,HIALEAH,Noah ,Begum,Noah.Z.Begum@trashymail.com,25/11/2015
7vaid,7 Golf Road,VALLEY VILLAGE,Olivia ,Patel,Olivia.M.Patel@mailinator.com,03/11/2015
qteGE,33 Bridge Street,PHOENIX,Riley ,Kerr,Riley.M.Kerr@mailinator.com,20/12/2015
LpmQn,18 Constitution St,AURORA,Patrick ,Stone,Patrick.A.Stone@trashymail.com,14/12/2015
mhLgq,58 Haslemere Road,REMSEN,Samuel ,Iqbal,Samuel.R.Iqbal@pookmail.com,06/11/2015
vOykB,80 Main Rd,AUSTIN,Sebastian ,Anderson,Sebastian.M.Anderson@dodgeit.com,04/12/2015
qwtRC,99 Golf Road,DSRT HOT SPGS,Sophia ,Norman,Sophia.N.Norman@dodgeit.com,24/11/2015
2Eone,47 Ploughley Rd,AUSTIN,Summer ,Fry,Summer.N.Fry@spambob.com,10/12/2015
z4wYa,46 Hexham Road,HOBOKEN,Tia ,Kirk,Tia.L.Kirk@dodgeit.com,27/11/2015
liq4m,50 Seaford Road,HOBOKEN,Zachary ,Hobbs,Zachary.T.Hobbs@dodgeit.com,07/12/2015
3WwcU,18 Crescent Avenue,ALUM BRIDGE,Zachary ,Hicks,Zachary.P.Hicks@dodgeit.com,04/12/2015
Tx5SS,55 Bury Rd,URBANA,Tia ,Kemp,Tia.D.Kemp@mailinator.com,13/12/2015
WFrit,60 Consett Rd,ROUND ROCK,Adam ,Stanley,Adam.A.Stanley@dodgeit.com,10/12/2015
bn4PJ,8 Caradon Hill,ALHAMBRA,Alice ,Mills,Alice.J.Mills@spambob.com,15/11/2015
ZDv8o,67 Nottingham Rd,MISSOULA,Amy ,Hutchinson,Amy.F.Hutchinson@dodgeit.com,01/12/2015
wex8I,10 Newgate Street,AUSTIN,Ava ,Faulkner,Ava.L.Faulkner@pookmail.com,03/11/2015
JDlO0,58 Main Rd,DEXTER,Alfie ,Thomas,Alfie.B.Thomas@dodgeit.com,10/12/2015
xkYfQ,99 Worthy Lane,FERNDALE,Charlie ,Bradley,Charlie.K.Bradley@trashymail.com,02/12/2015
t7Vq4,35 Nith Street,POMONA,Brandon ,Lucas,Brandon.J.Lucas@pookmail.com,15/12/2015
WUDIY,3 Caxton Place,GRANBURY,Connor ,Sims,Connor.A.Sims@trashymail.com,28/12/2015
Cao1C,36 Ballifeary Road,PONTIAC,David ,Randall,David.J.Randall@spambob.com,09/11/2015
pF6NK,25 Boroughbridge Road,JOHNSTOWN,Edward ,Lewis,Edward.I.Lewis@pookmail.com,02/12/2015
38gKp,77 Fore St,LOOGOOTEE,Ella ,Austin,Ella.C.Austin@pookmail.com,15/11/2015
PU6tz,39 Huntly Street,HORNBROOK,Eve ,Richardson,Eve.L.Richardson@pookmail.com,04/12/2015
eL6rH,21 Folkestone Road,KENT,Eloise ,Connolly,Eloise.J.Connolly@mailinator.com,23/11/2015
8HPI3,43 Fulford Road,PHOENIX,Francesca ,Harper,Francesca.D.Harper@trashymail.com,05/12/2015
g47tM,27 Maidstone Road,RIVERTON,Georgia ,Stone,Georgia.K.Stone@spambob.com,11/12/2015
beFz3,34 Newgate Street,RIVERVIEW,Harley ,Singh,Harley.E.Singh@spambob.com,02/11/2015
hSYek,52 Fraserburgh Rd,CINCINNATI,Harvey ,Harrison,Harvey.J.Harrison@spambob.com,30/12/2015
lZtDt,64 South Street,BONITA SPRINGS,Jack ,Griffin,Jack.P.Griffin@dodgeit.com,18/12/2015
5wVom,93 Preston Rd,FLUSHING,Holly ,Sanderson,Holly.M.Sanderson@pookmail.com,01/11/2015
4eaL3,71 Cunnery Rd,ARLINGTON,Jasmine ,Payne,Jasmine.S.Payne@mailinator.com,25/11/2015
S3yl5,61 Broad Street,BRONX,Joe ,Chandler,Joe.E.Chandler@trashymail.com,27/12/2015
jf2a6,19 Great North Road,BRONX,James ,Simpson,James.F.Simpson@mailinator.com,10/11/2015
VrGaF,88 Horsefair Green,BRONX,Lara ,Robertson,Lara.M.Robertson@trashymail.com,12/11/2015
hqjBe,26 Bishopthorpe Road,HOBOKEN,Katie ,Chambers,Katie.A.Chambers@mailinator.com,01/12/2015
yoveh,87 Caerfai Bay Road,HOBOKEN,Lewis ,Oliver,Lewis.A.Oliver@pookmail.com,08/12/2015
BwhKz,20 Jesmond Rd,HOBOKEN,Lola ,Bell,Lola.B.Bell@mailinator.com,22/12/2015
iBuoI,55 Petworth Rd,FAYETTEVILLE,Luca ,Wright,Luca.G.Wright@mailinator.com,13/11/2015
BhppK,85 Trehafod Road,ORLAND,Leon ,Peacock,Leon.R.Peacock@dodgeit.com,04/12/2015
wthRN,17 Bishopthorpe Road,BROOKLYN,Melissa ,Butcher,Melissa.H.Butcher@pookmail.com,06/12/2015
1MiOh,64 Essex Rd,PASADENA,Maisie ,Nicholls,Maisie.R.Nicholls@trashymail.com,02/12/2015
lW3Ne,4 Castledore Road,MILLVILLE,Mollie ,Coleman,Mollie.A.Coleman@trashymail.com,25/11/2015
0i7w2,48 Fox Lane,MISSOULA,Naomi ,Newton,Naomi.F.Newton@mailinator.com,08/12/2015
WEtMn,59 Dunmow Road,PALATKA,Noah ,Barton,Noah.K.Barton@mailinator.com,19/12/2015
ygeVH,24 Dover Road,PUEBLO,Olivia ,Patel,Olivia.R.Patel@mailinator.com,24/12/2015
xvrfj,38 Hart Road,LAKEPORT,Riley ,Iqbal,Riley.J.Iqbal@mailinator.com,16/11/2015
bd05P,36 Berkeley Rd,COLUMBIA,Patrick ,Sharpe,Patrick.F.Sharpe@mailinator.com,30/11/2015
Ezxvy,13 Walwyn Rd,TEMPE,Samuel ,Ingram,Samuel.I.Ingram@pookmail.com,14/11/2015
qWylX,34 Haslemere Road,HUNTSVILLE,Sebastian ,Allen,Sebastian.H.Allen@trashymail.com,23/12/2015
Mhkw6,52 Huntly Street,MOLINE,Sophia ,Marsh,Sophia.D.Marsh@mailinator.com,15/12/2015
ZDw4w,1 Freezeland Lane,PAGE,Summer ,Franklin,Summer.B.Franklin@dodgeit.com,15/12/2015
XcbRE,91 Neville Street,GLENCOE,Abby ,Lord,Abby.S.Lord@pookmail.com,24/11/2015
MMpe2,51 Broomfield Place,KATHRYN,Adam ,Bray,Adam.L.Bray@pookmail.com,14/11/2015
dyXfB,73 Park End St,KATHRYN,Aaliyah ,Burrows,Aaliyah.R.Burrows@mailinator.com,01/11/2015
2HSfz,42 Russell Rd,BAYONNE,Aaron ,Field,Aaron.A.Field@mailinator.com,13/11/2015
fJdFF,46 Davids Lane,BELEN,Amber ,Stewart,Amber.J.Stewart@trashymail.com,25/12/2015
64hrN,26 Cefn Road,HENDERSONVLLE,Amelie ,Booth,Amelie.A.Booth@mailinator.com,23/12/2015
YlkVi,44 Mounthoolie Lane,REDMOND,Anthony ,Lee,Anthony.I.Lee@pookmail.com,17/11/2015
JKQqE,10 Southend Avenue,LOWELL,Archie ,Kaur,Archie.M.Kaur@spambob.com,14/12/2015
7j0qT,59 Seafield Place,SEWARD,Benjamin ,Davis,Benjamin.M.Davis@trashymail.com,25/12/2015
ITAnP,57 Ockham Road,ELGIN,Alfie ,Bolton,Alfie.K.Bolton@mailinator.com,24/12/2015
EzIUt,73 Whitchurch Road,BROWNWOOD,Cerys ,Hale,Cerys.C.Hale@spambob.com,25/12/2015
bSw5s,23 South Street,THOMASVILLE,Charles ,Goodwin,Charles.T.Goodwin@pookmail.com,21/11/2015
RJ4Ur,19 Shore Street,BOSTON,Cameron ,Murphy,Cameron.S.Murphy@dodgeit.com,02/11/2015
Qb0Dx,32 Pier Road,BOSTON,Bradley ,Middleton,Bradley.A.Middleton@dodgeit.com,02/12/2015
RtLd5,81 Wrexham Rd,AIKEN,Charlotte ,Robson,Charlotte.H.Robson@pookmail.com,06/12/2015
YPMRU,37 Bouverie Road,CORINTH,Chelsea ,Warner,Chelsea.D.Warner@spambob.com,08/11/2015