RefNumber,CustRefNumber,OrderNumber,Name,TotalPaid,BillingAddress,Date
KoZme,AO4UH,TRq2b,Adam Wallace,43,89 Warren St,14/07/2016
BUL7s,nv4h1,wm3ra,Alice Palmer,37,35 Guildford Rd,21/05/2016
8siSp,zHNfW,sUQmS,Amy Jordan,24,95 Temple Way,08/05/2016
eTZ7u,KJ4eC,UPJNM,Ava Gallagher,59,44 Monks Way,29/05/2016
V4rzH,gphSB,sTip4,Alfie Tomlinson,10,76 Layburn Court,24/06/2016
cgYnl,nIKY7,gDVQn,Charlie Bradshaw,32,90 Annfield Rd,16/06/2016
7NYqf,lfE4B,dO8Ng,Brandon Lynch,99,22 Uxbridge Road,29/06/2016
vdDlT,5n6CO,N6CSE,Connor Smith,71,82 Circle Way,09/05/2016
CSDtr,aLHlg,KiERf,David Savage,39,59 City Walls Rd,11/05/2016
TxEz0,LUvbo,kC40u,Edward Little,29,86 Witney Way,16/06/2016
UQMxs,XfFQt,BaMGH,Ella Baker,46,30 Scotsburn Rd,05/06/2016
nleWM,fwcRA,y0WFP,Eve Richardson,62,37 Southlands Road,19/06/2016
hm7KP,t0WRj,FJJjw,Eloise Cooper,81,77 Tonbridge Rd,26/06/2016
OHo13,gSxzk,jgIXN,Francesca Harvey,11,17 Pendwyallt Road,07/06/2016
8YzNn,hWLaH,vTuMZ,Georgia Thorpe,69,64 Layburn Court,09/07/2016
Q8laZ,kq5g5,7pHNo,Harley Summers,76,62 Fox Lane,06/05/2016
6bak0,y1pyK,V3paI,Harvey Hewitt,56,3 Guild Street,06/06/2016
aAW8V,lj4ez,1zaiq,Jack Hardy,92,23 Friar Street,14/05/2016
uq6rK,7UrZA,eniDE,Holly Saunders,24,31 Eastbourne Rd,09/06/2016
XgMrW,05JID,zbpdk,Jasmine Perkins,52,6 St Andrews Lane,26/05/2016
YHaCf,gkIJD,psheV,Joe Dale,31,75 Monks Way,16/05/2016
iRqYY,yr68m,QlCzd,James Thomas,37,44 Front Street,14/05/2016
0S0We,cOSip,jnw5w,Lara Rogers,73,80 Asfordby Rd,18/06/2016
d7PHc,tnK8k,llKgM,Katie Fisher,91,56 Asfordby Rd,28/06/2016
z1H13,MaIWD,dOqok,Lewis Owen,96,92 Wood Lane,22/06/2016
DOpVn,np74J,JiWWp,Lola Browne,27,62 Broad Street,10/07/2016
Pah2Y,34zno,Fe6bA,Lucas Akhtar,90,24 Roker Terrace,06/05/2016
c15Rb,sB5ou,lOmuB,Leon Pickering,46,41 Ivy Lane,12/07/2016
cy7YS,wyk11,zgOyb,Melissa Cartwright,34,56 Newmarket Road,28/05/2016
1rLoz,BIPus,I2E2h,Maisie Nicholls,76,8 Boroughbridge Road,05/07/2016
GaUJH,lqkNn,FONru,Mollie Cross,13,80 Mounthoolie Lane,09/07/2016
czRbp,gTgPr,J5LH4,Naomi Peacock,59,18 Terrick Rd,04/05/2016
QxGYi,Tr2oj,Pocyr,Noah Begum,61,7 Coast Rd,21/05/2016
MLZ04,MGmkU,0BPiu,Olivia Patel,32,7 Golf Road,13/07/2016
B8dS1,0l5ZM,7EH85,Riley Kerr,22,33 Bridge Street,01/07/2016
UEj4c,y1Hwh,urG5p,Patrick Stone,31,18 Constitution St,16/07/2016
zmX1D,oTFSv,HMs3V,Samuel Iqbal,82,58 Haslemere Road,15/05/2016
punlc,CkuhC,bo8L2,Sebastian Anderson,82,80 Main Rd,14/07/2016
pmNbt,CP3qw,pGROQ,Sophia Norman,92,99 Golf Road,04/06/2016
SPQBu,x3Duk,1eSPm,Summer Fry,51,47 Ploughley Rd,14/06/2016
6g8Io,yRBLr,IZ0BU,Tia Kirk,70,46 Hexham Road,02/05/2016
zdmAT,JBJ0B,XvAl0,Zachary Hobbs,93,50 Seaford Road,19/05/2016
SsNwI,2ahL6,O6Q85,Zachary Hicks,82,18 Crescent Avenue,16/07/2016
Xxz1A,oAHkm,TcxUi,Tia Kemp,17,55 Bury Rd,11/07/2016
zKxoj,COibY,jSeMq,Adam Stanley,82,60 Consett Rd,13/06/2016
vtPAe,AN0tt,6tWl7,Alice Mills,63,8 Caradon Hill,13/06/2016
RVGcy,UJCHV,YXsH2,Amy Hutchinson,26,67 Nottingham Rd,20/06/2016
C2wUH,KvoBK,FlKKN,Ava Faulkner,17,10 Newgate Street,02/07/2016
EY6B4,O7AiK,Ee2zd,Alfie Thomas,27,58 Main Rd,07/07/2016
YBl4F,ZUGb1,4KMym,Charlie Bradley,72,99 Worthy Lane,22/06/2016
28GN3,AVoWg,TsJ0W,Brandon Lucas,12,35 Nith Street,17/07/2016
OKFxg,Xqp5D,44EcU,Connor Sims,49,3 Caxton Place,18/06/2016
rnjWF,4kQUd,NqYll,David Randall,29,36 Ballifeary Road,02/07/2016
nLO3p,IV3lv,F2IT8,Edward Lewis,16,25 Boroughbridge Road,18/07/2016
XLMnC,j2Ldi,G1OsZ,Ella Austin,91,77 Fore St,19/05/2016
kEH3s,VdSYC,Yg60B,Eve Richardson,67,39 Huntly Street,27/05/2016
cNa3X,QBjxB,RUS5V,Eloise Connolly,53,21 Folkestone Road,01/05/2016
caDNN,ZNSuD,K6XkG,Francesca Harper,39,43 Fulford Road,30/05/2016
IVrXY,MMj7W,dAwkU,Georgia Stone,61,27 Maidstone Road,28/06/2016
IeCld,TiWyP,UNpZE,Harley Singh,54,34 Newgate Street,24/05/2016
wnOuD,HEStx,siYyl,Harvey Harrison,84,52 Fraserburgh Rd,01/05/2016
c4vkf,7HIuX,eOKR0,Jack Griffin,63,64 South Street,27/06/2016
127sk,taGUw,hnbpq,Holly Sanderson,40,93 Preston Rd,07/06/2016
gyfaU,hEMsH,FQyzf,Jasmine Payne,68,71 Cunnery Rd,14/06/2016
lwhpX,Qu5dq,kUvNZ,Joe Chandler,77,61 Broad Street,19/05/2016
VsjhO,wqDCZ,u1LcV,James Simpson,79,19 Great North Road,16/07/2016
xptEc,T5lVM,allEX,Lara Robertson,96,88 Horsefair Green,09/07/2016
7E1Et,ZADtW,BeLRL,Katie Chambers,18,26 Bishopthorpe Road,01/06/2016
AHhdJ,n2OUK,Gt4gr,Lewis Oliver,10,87 Caerfai Bay Road,11/05/2016
ak77B,g5YRu,D1F3T,Lola Bell,61,20 Jesmond Rd,12/07/2016
L8lYK,Kt482,citBG,Luca Wright,31,55 Petworth Rd,16/07/2016
0616o,68CDc,xyZC5,Leon Peacock,72,85 Trehafod Road,20/06/2016
1366w,1Mgcq,h2c7K,Melissa Butcher,85,17 Bishopthorpe Road,07/07/2016
7o3LB,2SkIH,TBVmH,Maisie Nicholls,51,64 Essex Rd,15/07/2016
SsWli,GP6zz,xC0dy,Mollie Coleman,68,4 Castledore Road,24/05/2016
x12OS,5rXmX,5RG7S,Naomi Newton,27,48 Fox Lane,10/07/2016
pCJtu,n8qMW,V7wP1,Noah Barton,74,59 Dunmow Road,10/05/2016
xjBLJ,K5LNA,b8yJH,Olivia Patel,41,24 Dover Road,17/07/2016
g4cot,thGEj,mtSkX,Riley Iqbal,28,38 Hart Road,11/05/2016
TJMYa,qx7uK,mgnl5,Patrick Sharpe,52,36 Berkeley Rd,15/07/2016
AADiv,WZRyo,6AfIi,Samuel Ingram,85,13 Walwyn Rd,02/07/2016
MkfMS,HWo0g,AHEJS,Sebastian Allen,37,34 Haslemere Road,18/06/2016
upYfN,OJjIy,E7eb4,Sophia Marsh,40,52 Huntly Street,09/06/2016
xBlht,fKWup,j2mzj,Summer Franklin,22,1 Freezeland Lane,28/05/2016
6TnAG,mXASO,Li5Pt,Abby Lord,80,91 Neville Street,03/06/2016
6yHPz,SJqo0,AD2Yv,Adam Bray,24,51 Broomfield Place,02/05/2016
Ua8d1,UU3rc,mj8ZE,Aaliyah Burrows,94,73 Park End St,12/06/2016
MfWAZ,TqTIL,1bO6E,Aaron Field,59,42 Russell Rd,29/05/2016
pgjOQ,TYiZO,3vmBe,Amber Stewart,42,46 Davids Lane,24/06/2016
VXAJ5,KbEKe,lamiS,Amelie Booth,95,26 Cefn Road,30/04/2016
aJLfC,oTCMa,C6W6b,Anthony Lee,78,44 Mounthoolie Lane,16/06/2016
grjkS,4VIph,qU1I8,Archie Kaur,67,10 Southend Avenue,26/05/2016
LLLKP,U7Djl,lxgb8,Benjamin Davis,24,59 Seafield Place,10/06/2016
WNnzj,ZmD6V,PnalT,Alfie Bolton,71,57 Ockham Road,27/05/2016
hUFP5,3V83M,OXw5A,Cerys Hale,83,73 Whitchurch Road,08/07/2016
oEckb,8agHT,ib63j,Charles Goodwin,38,23 South Street,03/05/2016
wWUmP,Pt58Y,AdQc8,Cameron Murphy,95,19 Shore Street,17/05/2016
w3Mco,DsMtw,rrdN1,Bradley Middleton,69,32 Pier Road,26/05/2016
PJSUc,DzKqv,6TBwe,Charlotte Robson,59,81 Wrexham Rd,23/06/2016
IQ06S,zQQyq,BJfXT,Chelsea Warner,64,37 Bouverie Road,30/05/2016